No.,Name,Age,Pos,Team
97,Mario Addison,28,DE,Panthers
90,Frank Alexander,26,DE,Panthers
69,Jared Allen,33,DE,Panthers
3,Derek Anderson,32,QB,Panthers
34,Cameron Artis-Payne,25,HB,Panthers
13,Kelvin Benjamin,24,WR,Panthers
25,Bene Benwikere,24,CB,Panthers
11,Brenton Bersin,25,WR,Panthers
33,Tre Boston,23,FS,Panthers
47,Richie Brockel,29,TE,Panthers
10,Corey Brown,24,WR,Panthers
78,Nate Chandler,26,DT,Panthers
20,Kurt Coleman,27,FS,Panthers
82,Jerricho Cotchery,33,WR,Panthers
58,Thomas Davis,32,ROLB,Panthers
91,Ryan Delaire,23,DE,Panthers
84,Ed Dickson,28,TE,Panthers
94,Kony Ealy,24,DE,Panthers
92,Dwan Edwards,34,DT,Panthers
17,Devin Funchess,21,WR,Panthers
9,Graham Gano,28,K,Panthers
19,Ted Ginn,30,WR,Panthers
77,Tyronne Green,29,RG,Panthers
41,Roman Harper,33,SS,Panthers
87,Stephen Hill,24,WR,Panthers
96,Wes Horton,25,DE,Panthers
53,Ben Jacobs,27,ROLB,Panthers
44,J.J. Jansen,29,C,Panthers
95,Charles Johnson,29,DE,Panthers
42,Colin Jones,28,FS,Panthers
67,Ryan Kalil,30,C,Panthers
56,A.J. Klein,24,MLB,Panthers
59,Luke Kuechly,24,MLB,Panthers
98,Star Lotulelei,26,DT,Panthers
61,Kyle Love,29,DT,Panthers
29,Dean Marlowe,23,SS,Panthers
55,David Mayo,24,MLB,Panthers
71,Arthur Miley,22,DE,Panthers
1,Cam Newton,26,QB,Panthers
24,Josh Norman,28,CB,Panthers
8,Brad Nortman,26,P,Panthers
68,Andrew Norwell,24,RG,Panthers
81,Kevin Norwood,26,WR,Panthers
73,Michael Oher,29,LT,Panthers
88,Greg Olsen,30,TE,Panthers
74,Mike Remmers,26,RT,Panthers
79,Chris Scott,28,LT,Panthers
99,Kawann Short,26,DT,Panthers
66,Amini Silatolu,27,RT,Panthers
80,Scott Simonson,23,TE,Panthers
28,Jonathan Stewart,28,HB,Panthers
54,Shaq Thompson,21,LOLB,Panthers
31,Charles Tillman,34,CB,Panthers
35,Mike Tolbert,30,FB,Panthers
70,Trai Turner,22,RG,Panthers
61,Fernando Velasco,30,RG,Panthers
71,Davonte Wallace,24,LT,Panthers
14,Joe Webb,29,WR,Panthers
32,Brandon Wegher,25,FB,Panthers
43,Fozzy Whittaker,26,HB,Panthers
60,Daryl Williams,23,RT,Panthers
21,Teddy Williams,27,WR,Panthers